{
  "-log_likelihood": 12759.46511654869,
  "errors": [
    0.0038689384685164797,
    0.014791562667202204,
    0.3027481582447424,
    0.08723608424470156
  ],
  "params": [
    0.027160135776947616,
    0.8251062996079817,
    1.0386346965232771,
    1.8219854603609607
  ]
}