{
  "-log_likelihood": 6175.992653243786,
  "errors": [
    0.7626707259707619,
    0.19364041776493654,
    3.2726548550954844,
    0.0
  ],
  "params": [
    0.5219417402798372,
    0.5847459753318723,
    1.5358880502586243,
    2.0
  ]
}