{
  "-log_likelihood": 6033.135469865452,
  "errors": [
    1.2144804531785878,
    0.2825760588234511,
    1.992794574318306,
    0.0
  ],
  "params": [
    0.07979037927249337,
    0.7719223998252394,
    2.0575660468758916,
    2.0
  ]
}