{
  "-log_likelihood": 3395.6377619420305,
  "errors": [
    0.4360835877903088,
    0.19417432900667755,
    1.9729653845962027,
    0.0
  ],
  "params": [
    0.09950256670171431,
    0.7005441617948257,
    2.0410024410899696,
    2.0
  ]
}