{
  "-log_likelihood": 13369.62385431116,
  "errors": [
    0.4403418778426417,
    0.2879490423265321,
    2.217937063961971,
    0.0
  ],
  "params": [
    0.031627867909841303,
    0.820139185881198,
    2.183095008230969,
    2.0
  ]
}