{
  "-log_likelihood": 6010.680795291021,
  "errors": [
    0.14299891239525347,
    0.05976978875378781,
    5.122962727760451,
    0.21886959295453887
  ],
  "params": [
    0.16565453461229068,
    0.6908233445858901,
    2.0236371656452974,
    1.9309641460087617
  ]
}