{
  "-log_likelihood": 13558.329715663556,
  "errors": [
    0.004248037160080266,
    0.01682689834463201,
    0.3179757889403196,
    0.07809676276512961
  ],
  "params": [
    0.025880475706289013,
    0.8497977714803152,
    0.8366100857027572,
    1.761141556767298
  ]
}