{
  "-log_likelihood": 3327.911418486485,
  "errors": [
    0.09714265561229067,
    0.0674463577177557,
    18.76243967994573,
    0.26574405886631647
  ],
  "params": [
    0.09021864224460771,
    0.713693807158874,
    5.268616342256115,
    1.661134528389389
  ]
}