{
  "-log_likelihood": 3449.28217058262,
  "errors": [
    0.06140265376138211,
    0.09521345996111134,
    13.037367605462578,
    0.2505728858006157
  ],
  "params": [
    0.04075890822629369,
    0.7576235803694135,
    6.2382975139567245,
    1.7623181724617831
  ]
}