{
  "-log_likelihood": 13959.089874629612,
  "errors": [
    0.002915846769505549,
    0.026172345304217085,
    0.11684715349724578,
    0.11601108681578935
  ],
  "params": [
    0.011466143256168643,
    0.875889002980388,
    0.22910264586490006,
    2.4935868510566634
  ]
}