{
  "-log_likelihood": 3478.550983569996,
  "errors": [
    0.3687817673359517,
    0.2382344073697193,
    2.89073605724097,
    0.0
  ],
  "params": [
    0.0169206486868482,
    0.8212815567309552,
    2.4944163863865314,
    2.0
  ]
}