{
  "-log_likelihood": 6144.120628642375,
  "errors": [
    0.22754371826046746,
    0.07415896968921937,
    3.8397875194276025,
    0.19636317134611422
  ],
  "params": [
    0.17043012306094307,
    0.6795605611567639,
    1.4538669424275885,
    2.0670048324436965
  ]
}