{
  "-log_likelihood": 14370.143815721725,
  "errors": [
    0.49878422038965814,
    0.26250951514839294,
    2.9889264426965787,
    0.0
  ],
  "params": [
    0.028425402566671535,
    0.8019547490689136,
    0.2955273043635537,
    2.0
  ]
}