{
  "-log_likelihood": 14715.69543345681,
  "errors": [
    0.5886051985887218,
    0.23454407874065847,
    1.4786009415138726,
    0.0
  ],
  "params": [
    0.0526394299578577,
    0.7548925930773652,
    1.4116477558483587,
    2.0
  ]
}