{
  "-log_likelihood": 14125.486354608216,
  "errors": [
    0.17823010901633166,
    0.19552478722818134,
    3.3164040581601824,
    0.0
  ],
  "params": [
    0.03767577303249154,
    0.7788415226755867,
    1.6238544014744254,
    2.0
  ]
}