{
  "-log_likelihood": 14074.13263102334,
  "errors": [
    0.0029232707103354566,
    0.019424868988031946,
    0.5150273375429356,
    0.08872382684342758
  ],
  "params": [
    0.014165544715040583,
    0.8900475377380845,
    1.0706353588982551,
    1.8082896887296895
  ]
}